{"schemaVersion":"1.0","appDefinitionTemplate":{"id":"/providers/Microsoft.PowerApps/apps/","type":"Microsoft.PowerApps/apps","tags":{"primaryDeviceWidth":"1366","primaryDeviceHeight":"768","supportsPortrait":"false","supportsLandscape":"true","primaryFormFactor":"Tablet","showStatusBar":"false","publisherVersion":"3.26014.7","minimumRequiredApiVersion":"2.2.0","hasComponent":"false","hasUnlockedComponent":"false","isUnifiedRootApp":"false","sienaVersion":"20260210T063004Z-3.26014.7.0"},"properties":{"appVersion":"2026-02-10T06:30:04Z","lifeCycleId":"Published","createdByClientVersion":{"major":3,"minor":26014,"build":7,"revision":0,"majorRevision":0,"minorRevision":0},"minClientVersion":{"major":3,"minor":26014,"build":7,"revision":0,"majorRevision":0,"minorRevision":0},"backgroundColor":"rgba(0, 176, 208, 1)","backgroundImageUri":"/694271760888918908/Nd5f9516f-6397-44d4-ae47-32f52ce5e29f-logoSmallFile","displayName":"In-App Reporting Showcase","description":"","commitMessage":"","appUris":{"documentUri":{"value":"/694271760888918908/Nccde8c5b-548d-43f9-8250-8cb95fb2c944-document.msapp"},"imageUris":[],"additionalUris":[{"isSolutionAware":false,"value":"/694271760888918908/N706fed68-2ec6-47eb-88b3-d56cc3ee5ed3-identity.json"}]},"createdTime":"0001-01-01T00:00:00Z","lastModifiedTime":"0001-01-01T00:00:00Z","sharedGroupsCount":0,"sharedUsersCount":0,"connectionReferences":{},"databaseReferences":{},"almMode":"Environment","performanceOptimizationEnabled":false,"canConsumeAppPass":false,"enableModernRuntimeMode":false,"executionRestrictions":{"isTeamsOnly":false,"dataLossPreventionEvaluationResult":{"status":"Compliant","lastEvaluationDate":"2024-10-01T11:30:16.7996603Z","violations":[],"violationsByPolicy":[],"violationErrorMessage":"The app uses the following connectors: ."}}},"isAppComponentLibrary":false,"appType":"ClassicCanvasApp","appComponents":[]}}