{"__Version":"0.1","App":"7df3e4b4-be0e-4bf3-8cc7-0dd70a4e3296","Test_7F478737223C4B69":"087bf15b-f1f6-4aa3-9e2c-c43a265ea164","Host":"3516563c-6c4e-467e-be4a-8a0bb9e39f3e","AUSPopScreen":"11752de8-9f5b-4793-90c1-013398dfec04","ButtonAUSPopRefreshQuarterly":"96ba3afb-606e-4b9a-ac4f-08f24acc03b4","ButtonAUSPopBack":"d2349477-8ead-4840-8cdd-2443c5ed3ab4","TextAUSPopScreenTitle":"11e8f66e-62d6-4748-91ee-b3e7d75ec4fe","ButtonAUSPopWhy":"a40b17ce-4c4e-49e9-8df1-97e1de2a27cc","ButtonAUSPopOpenPowerBIReport":"71999d30-6b14-4f6d-8a79-a3dc9587202a","TextAUSPopMetadata":"3d9b32f6-f7be-442d-9bcb-3440381f52a1","TextAUSPopNOM":"d06ea66f-50d7-4948-b654-05e6b9ddebda","TextAUSPopERP":"98347ecd-db24-4eb6-ab3b-953deec7c4a8","TextAUSPopPrePandemicTitle":"18e8f703-c572-4b33-b380-0b8f8a152efd","RectangleGalleryAUSPopERPNOMLeft":"671aa675-cb65-4efd-8dbd-ada35eae08ac","GalleryAUSPopERPNOMTrend":"5571cf22-1969-4dc8-a8bd-2d08f7121fef","galleryTemplate1":"fecbefb6-a00d-4041-9fb8-1ebc3f2680ab","RectangleGalleryAUSPopERPNOMNOM":"8bce85c9-b5fc-49ff-b5cd-2211fdbfbf8e","CircleGalleryAUSPopERPNOMERP":"2c68e2b8-5c65-4080-ad8c-38ab8c921ba8","HtmlTextGalleryAUSPopERPNOMTimePeriod":"94c3e5c6-88bf-47a5-ae6d-2e763ff3eb15","RectangleGalleryAUSPopERPNOMRight":"38698675-e01c-4665-982a-d937337f9ecd","TextAUSPopNOMMax":"33e8df2e-aec1-4485-8ccb-6742f4c4ff7e","TextAUSPopERPMax":"82e5024c-c5b2-4880-b2c2-bdea386a7488","TextAUSPopPrePandemicGrowth":"110f81b1-77cc-4e6b-a878-8d3a997798a3","TextAUSPopPrePandemicGrowthCard":"1433f045-5488-4b75-8718-75e29677db3f","TextAUSPopERPAvg":"c47c6d17-90a3-4dad-b13b-d4c1bb08026d","TextAUSPopPrePandemicNOM":"34f0f2e6-052d-42c5-8c0e-66ff9401a749","TextAUSPopNOMBaseline":"6d63ebc9-b04d-478b-91e7-4caadef73359","TextAUSPopPrePandemicNOMCard":"3bd45649-e004-4b5a-8084-f9d912ca127f","TextAUSPopERPMin":"8ae20dac-6bad-468a-ab91-6801f8c9901e","TextAUSPopNOMMin":"fb519863-2b32-4814-850b-183c66dfa2c4","TextAUSPopPostPandemicTitle":"f7a77af4-a23f-474e-b9cf-d07b53f58d0e","TextAUSPopTableTitle":"01c9f6a8-e4ce-4a38-9b3c-dc1bfd418bd4","TextAUSPopTableInstructions":"b444a408-9155-4065-aea6-4da43ea5f249","TextAUSPopTableHeaderRegion":"24f26a35-8591-4dc2-8ae5-262fcde41359","ButtonAUSPopTableHeaderRegion":"b79a8b04-2de2-4b71-972d-88862fd80171","TextAUSPopTableHeaderNOM":"4d0adf0c-0b18-48f5-97bf-b0094fc57cc0","ButtonAUSPopTableHeaderNOM":"df5593fe-7ea4-4776-83ef-a9b6b620de7a","TextAUSPopTableHeaderNIM":"2b74674b-a9f5-4643-b7f8-3782ceed8ce3","ButtonAUSPopTableHeaderNIM":"d9beaded-83ed-41bf-a71b-fecd91e070e3","TextAUSPopTableHeaderNI":"ce0ddbf9-a5e7-4a46-a777-2b157200da91","ButtonAUSPopTableHeaderNI":"5eaef77d-4caf-4e0e-9324-d350a725721e","TextAUSPopTableHeaderCOPQ":"4cc52575-b936-422a-a32b-69c455adf721","ButtonAUSPopTableHeaderCOPQ":"f873a309-9885-4411-89a7-b966e5a8cb7c","TextAUSPopPostPandemicGrowth":"96620f83-60ea-460b-9702-8fa93ec4c25d","GalleryAUSPopQuarterly":"3d447e45-e512-4a6b-9e58-4fac2c939e68","galleryTemplate2":"a397beaa-3fbd-4162-b4fc-65a5ca55d319","TextGalleryAUSPopQuarterlyRegion":"c48eef8c-8d85-467d-8893-31b3349c7a54","TextGalleryAUSPopQuarterlyNOM":"e5f33123-d2a7-48ca-b3d4-c9b6f964f393","TextGalleryAUSPopQuarterlyNIM":"bbf573a7-15e6-4367-90aa-1847210776d4","TextGalleryAUSPopQuarterlyNI":"66be5f96-8a8c-42e5-b1f8-4a55ba74c75b","TextGalleryAUSPopQuarterlyCOPQ":"efec3617-26d2-42b5-9e9b-1c0b680b241d","SeparatorGalleryAUSPopQuarterly":"abda797c-854b-4d9a-820e-fd8e41dffd25","TextAUSPopPrePostdemicGrowthCard":"52bad226-db2c-40b8-8ac8-2420410ad7e8","TextAUSPopPostPandemicNOM":"8bcfa7f8-5247-4174-8b78-304d1c378b75","TextAUSPopPostPandemicNOMCard":"a044d225-50b8-4227-8de1-55074277b57c","GroupAUSPopHeader":"6e9fa339-fb6e-4f94-8665-726335140240","GroupAUSPopERPNOMTrend":"eeeeaa23-02c3-4761-89e8-81ecb25f9553","GroupAUSPopQuarterly":"13ad4542-9f8b-4b6c-a59a-15f31090a09d","RoutingScreen":"6a4ed102-b42e-4870-b80a-7f52c564c2f3","TextRoutingScreenTitle":"92c43322-42e6-4fcc-b6c2-8e1e0ec59d57","ButtonRoutingNext":"2a07673f-20b3-48b8-b4d6-8ecbf1b96315"}