{"__Version":"0.1","App":"906c1d47-e47c-4784-b457-44f2948b208e","Test_7F478737223C4B69":"bb415e10-a0eb-49c9-a6c2-8e05183dee49","Host":"1da76ac0-1df8-4f30-ad67-94801e784154","AUSPopScreen":"4f2ccf49-ba3b-452d-920f-555bb92e1a77","ButtonAUSPopRefreshQuarterly":"8889b11c-bd92-4f25-980e-b423b7fac428","ButtonAUSPopBack":"41fbdddd-564b-450a-95e5-ad8f312f088b","TextAUSPopScreenTitle":"ccd3abd1-2734-4a5a-8af6-039932efd3f1","ButtonAUSPopWhy":"7f26939d-dc14-46b5-a173-8b4e31cbcbca","ButtonAUSPopOpenPowerBIReport":"933ac716-0d55-4a58-a938-684453d5fd42","TextAUSPopMetadata":"ed6e88fc-054e-4c07-a571-21446e0fbad9","TextAUSPopNOM":"497832c5-c750-4139-9204-c0dbe4c0dd9d","TextAUSPopERP":"9e3e63f4-2561-4c7e-b257-661ac1b81ddd","TextAUSPopPrePandemicTitle":"2f735d42-b443-405d-b0f1-c7e279960a60","RectangleGalleryAUSPopERPNOMLeft":"a8973f1b-47e2-4481-b20f-4401def8263e","GalleryAUSPopERPNOMTrend":"c0e99e66-ca03-4952-84a0-982d607b9608","galleryTemplate1":"4a3c1d25-8c68-415c-b51d-9dff78c830f1","RectangleGalleryAUSPopERPNOMNOM":"016a2b06-8dd9-4142-93ba-c262f31f58b7","CircleGalleryAUSPopERPNOMERP":"1afc8c36-9434-4faa-9e6b-285759a00ea4","HtmlTextGalleryAUSPopERPNOMTimePeriod":"6bd807ca-0bde-4e96-b799-74bc00e8fb64","RectangleGalleryAUSPopERPNOMRight":"391aea21-be90-4896-9cfc-15d11838bd65","TextAUSPopNOMMax":"ee5a34b9-d1d2-4fc0-aba5-502af50e94cf","TextAUSPopERPMax":"7a9b825f-786c-4ea4-9ee6-cdc25d514390","TextAUSPopPrePandemicGrowth":"e66675e6-5541-4d7b-b0e7-d9fd7bc9022a","TextAUSPopPrePandemicGrowthCard":"57e6e2d1-f26b-42a9-a105-3e5ae5a2bfb0","TextAUSPopERPAvg":"00e59626-e47d-483d-bb40-9ef755e0ec24","TextAUSPopPrePandemicNOM":"e1057926-f6df-476b-9332-1cf91a1b3e56","TextAUSPopNOMBaseline":"943e547a-80ac-4a01-a34c-610b18eca0fe","TextAUSPopPrePandemicNOMCard":"fa0a269a-593b-45b8-968f-e0a92cca7413","TextAUSPopERPMin":"34c2e507-78d0-442c-91d1-3ed2bb50d864","TextAUSPopNOMMin":"07d80b3e-6386-4649-9793-3c4ab93a7ac1","TextAUSPopPostPandemicTitle":"3180d374-ee39-4e4c-a7e6-b5c13edcafb9","TextAUSPopTableTitle":"cc064cc9-a224-419a-aeda-27860a4c728b","TextAUSPopTableInstructions":"888deaf1-49e5-41cf-b1f3-d32e5e1c4cfb","TextAUSPopTableHeaderRegion":"33bec342-a8eb-470a-86a6-d0d9b0ed584e","ButtonAUSPopTableHeaderRegion":"bff35df8-a092-4138-a041-99042307bb45","TextAUSPopTableHeaderNOM":"56972398-a237-4ca5-a0d7-23a1e78adae0","ButtonAUSPopTableHeaderNOM":"9888782f-e80e-47fb-a241-d3c73fdd0d88","TextAUSPopTableHeaderNIM":"295c180c-78c0-4144-92d3-3feccca4bd3e","ButtonAUSPopTableHeaderNIM":"582364e7-5f5a-48a3-a11c-ee2ffe52083a","TextAUSPopTableHeaderNI":"189e015b-62d1-41bf-8c8b-0c777fb7a7e6","ButtonAUSPopTableHeaderNI":"6da58f1e-1af9-482d-ac92-80d078dc9b8f","TextAUSPopTableHeaderCOPQ":"a58b35af-2767-47ba-8333-03d79cc52e6c","ButtonAUSPopTableHeaderCOPQ":"c28a637a-449e-404c-a29a-d98684de0f7c","TextAUSPopPostPandemicGrowth":"44da21f4-94eb-4975-921a-bd3d86c08012","GalleryAUSPopQuarterly":"ddf32f35-8a57-4db1-b38e-44fd349295d0","galleryTemplate2":"a8b16ff2-f681-4c1c-84ba-f12cb05a7970","TextGalleryAUSPopQuarterlyRegion":"b1c71f24-5153-46d2-bce7-7dfddd0ce7e8","TextGalleryAUSPopQuarterlyNOM":"32e75823-738f-4b03-be92-66fd2e13a563","TextGalleryAUSPopQuarterlyNIM":"f4699b99-5a3b-4407-ac63-3d34b474bed4","TextGalleryAUSPopQuarterlyNI":"32e75831-433d-4adf-9974-31bb6884714b","TextGalleryAUSPopQuarterlyCOPQ":"e8fbe6a2-a76f-4069-93e8-a5746d7ee86a","SeparatorGalleryAUSPopQuarterly":"e7f2099f-0a44-4193-8912-7e0167f6947b","TextAUSPopPrePostdemicGrowthCard":"fe3aaa00-66b8-4985-821c-b9c1da1fd0c5","TextAUSPopPostPandemicNOM":"11f7f7a2-e73c-481d-953f-645720459939","TextAUSPopPostPandemicNOMCard":"4868b9d6-5ffb-4b7d-859f-521d639b6321","GroupAUSPopHeader":"10577adc-5c05-4c38-a177-3d08599d798f","GroupAUSPopERPNOMTrend":"f210b2ab-ec77-4305-b59c-a8897f1a11ac","GroupAUSPopQuarterly":"967aaa44-bb59-4765-8649-a1889b53c6a7","RoutingScreen":"b68b0f7a-846b-42e5-be51-f0aeb59e7255","TextRoutingScreenTitle":"8f3333e7-f600-420c-bb64-fb3aaaa4af0e","ButtonRoutingNext":"3267a579-fd80-41c7-a903-e0e8e0db7b97"}